"id","scientific.name","accepted.name","family","taxon.rank","taxon.status","search.str","threat.status.cnc","threat.status.mma","threat.status.mma2022","notes","original.search"
"1",4385,"Astronium graveolens Jacq.",NA,"Anacardiaceae","species","accepted","Astronium graveolens","LC",NA,NA,"","Astronium graveolens"
"2",4391,"Lithraea molleoides (Vell.) Engl.",NA,"Anacardiaceae","species","accepted","Lithraea molleoides",NA,NA,NA,"","Lithraea molleoides"
"3",15471,"Schinus terebinthifolia Raddi","Schinus terebinthifolius Raddi","Anacardiaceae","species","accepted","Schinus terebinthifolia",NA,NA,NA,"was misspelled|replaced synonym","Schinus terebenthifolius"
"4",4408,"Tapirira guianensis Aubl.",NA,"Anacardiaceae","species","accepted","Tapirira guianensis",NA,NA,NA,"","Tapirira guianensis"
"5",110243,"Annona emarginata (Schltdl.) H.Rainer",NA,"Annonaceae","species","accepted","Annona emarginata","LC|VU",NA,NA,"","Annona emarginata"
"6",110252,"Annona mucosa Jacq.",NA,"Annonaceae","species","accepted","Annona mucosa",NA,NA,NA,"","Annona mucosa"
"7",110243,"Annona emarginata (Schltdl.) H.Rainer",NA,"Annonaceae","species","accepted","Annona emarginata","LC|VU",NA,NA,"replaced synonym","Annona rugulosa"
"8",110263,"Annona sylvatica A.St.-Hil.",NA,"Annonaceae","species","accepted","Annona sylvatica",NA,NA,NA,"","Annona sylvatica"
"9",110319,"Duguetia lanceolata A.St.-Hil.",NA,"Annonaceae","species","accepted","Duguetia lanceolata","LC",NA,NA,"","Duguetia lanceolata"
"10",110377,"Guatteria australis A.St.-Hil.",NA,"Annonaceae","species","accepted","Guatteria australis","LC",NA,NA,"","Guatteria australis"
"11",110377,"Guatteria australis A.St.-Hil.",NA,"Annonaceae","species","accepted","Guatteria australis","LC",NA,NA,"replaced synonym","Guatteria hilariana"
"12",110377,"Guatteria australis A.St.-Hil.",NA,"Annonaceae","species","accepted","Guatteria australis","LC",NA,NA,"replaced synonym","Guatteria nigrescens"
"13",110507,"Porcelia macrocarpa (Warm.) R.E.Fr.",NA,"Annonaceae","species","accepted","Porcelia macrocarpa",NA,NA,NA,"","Porcelia macrocarpa"
"14",110263,"Annona sylvatica A.St.-Hil.",NA,"Annonaceae","species","accepted","Annona sylvatica",NA,NA,NA,"was misspelled|replaced synonym","Rollinia silvatica"
"15",110560,"Xylopia brasiliensis Spreng.",NA,"Annonaceae","species","accepted","Xylopia brasiliensis","NT",NA,"VU","","Xylopia brasiliensis"
"16",110573,"Xylopia langsdorffiana A.St.-Hil.",NA,"Annonaceae","species","accepted","Xylopia langsdorffiana",NA,NA,NA,"","Xylopia langsdorffiana"
"17",4528,"Aspidosperma olivaceum Müll.Arg.",NA,"Apocynaceae","species","accepted","Aspidosperma olivaceum",NA,NA,NA,"","Aspidosperma olivaceum"
"18",4530,"Aspidosperma polyneuron Müll.Arg.",NA,"Apocynaceae","species","accepted","Aspidosperma polyneuron","NT",NA,NA,"was misspelled","Aspidosperma polyneurum"
"19",4531,"Aspidosperma quirandy Hassl.",NA,"Apocynaceae","species","accepted","Aspidosperma quirandy",NA,NA,NA,"","Aspidosperma quirandy"
"20",4864,"Tabernaemontana laeta Mart.",NA,"Apocynaceae","species","accepted","Tabernaemontana laeta",NA,NA,NA,"","Tabernaemontana laeta"
"21",NA,NA,NA,NA,NA,NA,NA,NA,NA,NA,"not found","Ilex (=2015 2190)"
"22",NA,NA,NA,NA,NA,NA,NA,NA,NA,NA,"not found","Ilex (=2015 2273)"
"23",4889,"Ilex dumosa Reissek",NA,"Aquifoliaceae","species","accepted","Ilex dumosa",NA,NA,NA,"replaced synonym","Ilex amara"
"24",26487,"Ilex chamaedryfolia Reissek",NA,"Aquifoliaceae","species","accepted","Ilex chamaedryfolia","LC",NA,NA,"","Ilex chamaedryfolia"
"25",4889,"Ilex dumosa Reissek",NA,"Aquifoliaceae","species","accepted","Ilex dumosa",NA,NA,NA,"","Ilex dumosa"
"26",4900,"Ilex microdonta Reissek",NA,"Aquifoliaceae","species","accepted","Ilex microdonta",NA,NA,NA,"","Ilex microdonta"
"27",4904,"Ilex paraguariensis A.St.-Hil.",NA,"Aquifoliaceae","species","accepted","Ilex paraguariensis","LC",NA,NA,"","Ilex paraguariensis"
"28",4906,"Ilex pseudobuxus Reissek",NA,"Aquifoliaceae","species","accepted","Ilex pseudobuxus",NA,NA,NA,"","Ilex pseudobuxus"
"29",4909,"Ilex taubertiana Loes.",NA,"Aquifoliaceae","species","accepted","Ilex taubertiana",NA,NA,NA,"","Ilex taubertiana"
"30",4910,"Ilex theezans Mart. ex Reissek",NA,"Aquifoliaceae","species","accepted","Ilex theezans",NA,NA,NA,"","Ilex theezans"
"31",5105,"Dendropanax cuneatus (DC.) Decne. & Planch.",NA,"Araliaceae","species","accepted","Dendropanax cuneatus","LC",NA,NA,"","Dendropanax cuneatus"
"32",43242,"Didymopanax angustissimus Marchal",NA,"Araliaceae","species","accepted","Didymopanax angustissimus",NA,NA,NA,"replaced synonym","Schefflera angustissima"
"33",606945,"Didymopanax calvus (Cham.) Decne. & Planch.",NA,"Araliaceae","species","accepted","Didymopanax calvus","LC",NA,NA,"replaced synonym","Schefflera calva"
"34",33971,"Araucaria angustifolia (Bertol.) Kuntze",NA,"Araucariaceae","species","accepted","Araucaria angustifolia","EN","EN","EN","","Araucaria angustifolia"
"35",15712,"Euterpe edulis Mart.",NA,"Arecaceae","species","accepted","Euterpe edulis","VU","VU","VU","","Euterpe edulis"
"36",15745,"Syagrus romanzoffiana (Cham.) Glassman",NA,"Arecaceae","species","accepted","Syagrus romanzoffiana","LC",NA,NA,"","Syagrus romanzoffiana"
"37",609357,"Cordyline fruticosa (L.) A.Chev.",NA,"Asparagaceae","species","accepted","Cordyline fruticosa",NA,NA,NA,"","Cordyline fruticosa"
"38",5219,"Baccharis oblongifolia (Ruiz & Pav.) Pers.",NA,"Asteraceae","species","accepted","Baccharis oblongifolia",NA,NA,NA,"","Baccharis oblongifolia"
"39",5222,"Baccharis oreophila Malme",NA,"Asteraceae","species","accepted","Baccharis oreophila",NA,NA,NA,"","Baccharis oreophila"
"40",26979,"Chromolaena pedunculosa (Hook. & Arn.) R.M.King & H.Rob.",NA,"Asteraceae","species","accepted","Chromolaena pedunculosa",NA,NA,NA,"","Chromolaena pedunculosa"
"41",104549,"Critoniopsis stellata (Spreng.) H.Rob.",NA,"Asteraceae","species","accepted","Critoniopsis stellata",NA,NA,NA,"","Critoniopsis stellata"
"42",5303,"Dasyphyllum spinescens (Less.) Cabrera",NA,"Asteraceae","species","accepted","Dasyphyllum spinescens",NA,NA,NA,"","Dasyphyllum spinescens"
"43",130869,"Moquiniastrum polymorphum (Less.) G. Sancho",NA,"Asteraceae","species","accepted","Moquiniastrum polymorphum",NA,NA,NA,"replaced synonym","Gochnatia polymorpha"
"44",130869,"Moquiniastrum polymorphum (Less.) G. Sancho",NA,"Asteraceae","species","accepted","Moquiniastrum polymorphum",NA,NA,NA,"","Moquiniastrum polymorphum"
"45",5488,"Piptocarpha regnellii (Sch.Bip.) Cabrera",NA,"Asteraceae","species","accepted","Piptocarpha regnellii",NA,NA,NA,"","Piptocarpha regnellii"
"46",104490,"Vernonanthura discolor (Spreng.) H.Rob.",NA,"Asteraceae","species","accepted","Vernonanthura discolor",NA,NA,NA,"","Vernonanthura discolor"
"47",27444,"Vernonanthura divaricata (Spreng.) H.Rob.",NA,"Asteraceae","species","accepted","Vernonanthura divaricata",NA,NA,NA,"","Vernonanthura divaricata"
"48",104490,"Vernonanthura discolor (Spreng.) H.Rob.",NA,"Asteraceae","species","accepted","Vernonanthura discolor",NA,NA,NA,"replaced synonym","Vernonia discolor"
"49",16377,"Vernonia Schreb.",NA,"Asteraceae","genus","accepted","Vernonia sp.",NA,NA,NA,"","Vernonia sp."
"50",114091,"Handroanthus ochraceus (Cham.) Mattos",NA,"Bignoniaceae","species","accepted","Handroanthus ochraceus",NA,NA,NA,"","Handroanthus ochraceus"
"51",114124,"Jacaranda cuspidifolia Mart.",NA,"Bignoniaceae","species","accepted","Jacaranda cuspidifolia",NA,NA,NA,"","Jacaranda cuspidifolia"
"52",114153,"Jacaranda micrantha Cham.",NA,"Bignoniaceae","species","accepted","Jacaranda micrantha",NA,NA,NA,"","Jacaranda micrantha"
"53",114174,"Jacaranda puberula Cham.",NA,"Bignoniaceae","species","accepted","Jacaranda puberula","LC",NA,NA,"","Jacaranda puberula"
"54",NA,NA,NA,NA,NA,NA,NA,NA,NA,NA,"not found","Jacaranda sp"
"55",114468,"Zeyheria tuberculosa (Vell.) Bureau ex Verl.",NA,"Bignoniaceae","species","accepted","Zeyheria tuberculosa","VU","VU",NA,"","Zeyheria tuberculosa"
"56",16502,"Cordia L.",NA,"Cordiaceae","genus","accepted","Cordia sp.",NA,NA,NA,"","Cordia sp."
"57",116137,"Cordia americana (L.) Gottschling & J.S.Mill.",NA,"Cordiaceae","species","accepted","Cordia americana",NA,NA,NA,"replaced synonym","Patagonula americana"
"58",111724,"Cinnamodendron dinisii Schwacke",NA,"Canellaceae","species","accepted","Cinnamodendron dinisii",NA,NA,NA,"replaced synonym","Capsicodendron dinisii"
"59",NA,NA,NA,NA,NA,NA,NA,NA,NA,NA,"not found","Trema micrantha"
"60",6679,"Citronella paniculata (Mart.) R.A.Howard",NA,"Cardiopteridaceae","species","accepted","Citronella paniculata",NA,NA,NA,"","Citronella paniculata"
"61",6681,"Jacaratia heptaphylla (Vell.) A.DC.",NA,"Caricaceae","species","accepted","Jacaratia heptaphylla",NA,NA,NA,"","Jacaratia heptaphylla"
"62",604475,"Monteverdia aquifolium (Mart.) Biral",NA,"Celastraceae","species","accepted","Monteverdia aquifolium",NA,NA,NA,"replaced synonym","Maytenus aquifolia"
"63",604564,"Monteverdia evonymoides (Reissek) Biral",NA,"Celastraceae","species","accepted","Monteverdia evonymoides",NA,NA,NA,"replaced synonym","Maytenus evonymoides"
"64",605640,"Monteverdia gonoclada (Mart.) Biral",NA,"Celastraceae","species","accepted","Monteverdia gonoclada","LC",NA,NA,"replaced synonym","Maytenus salicifolia"
"65",6746,"Maytenus Molina",NA,"Celastraceae","genus","accepted","Maytenus sp.1",NA,NA,NA,"","Maytenus sp.1"
"66",16832,"Licania kunthiana Hook.f.",NA,"Chrysobalanaceae","species","accepted","Licania kunthiana",NA,NA,NA,"","Licania kunthiana"
"67",6824,"Clethra scabra Pers.",NA,"Clethraceae","species","accepted","Clethra scabra","LC",NA,NA,"","Clethra scabra"
"68",6922,"Terminalia triflora (Griseb.) Lillo",NA,"Combretaceae","species","accepted","Terminalia triflora","DD",NA,NA,"","Terminalia triflora"
"69",7129,"Weinmannia paulliniifolia Pohl ex Ser.",NA,"Cunoniaceae","species","accepted","Weinmannia paulliniifolia","NT",NA,NA,"","Weinmannia paulliniifolia"
"70",7448,"Sloanea lasiocoma K.Schum.",NA,"Elaeocarpaceae","species","accepted","Sloanea lasiocoma",NA,NA,NA,"","Sloanea lasiocoma"
"71",7462,"Agarista oleifolia (Cham.) G.Don",NA,"Ericaceae","species","accepted","Agarista oleifolia",NA,NA,NA,"","Agarista oleifolia"
"72",NA,NA,NA,NA,NA,NA,NA,NA,NA,NA,"not found","Erythroxyllum sp"
"73",7694,"Erythroxylum cuneifolium (Mart.) O.E.Schulz",NA,"Erythroxylaceae","species","accepted","Erythroxylum cuneifolium",NA,NA,NA,"","Erythroxylum cuneifolium"
"74",29144,"Actinostemon concepcionis (Chodat & Hassl.) Hochr.",NA,"Euphorbiaceae","species","accepted","Actinostemon concepcionis",NA,NA,NA,"","Actinostemon concepcionis"
"75",17456,"Alchornea glandulosa Poepp. & Endl.",NA,"Euphorbiaceae","species","accepted","Alchornea glandulosa",NA,NA,NA,"","Alchornea glandulosa"
"76",17458,"Alchornea triplinervia (Spreng.) Müll.Arg.",NA,"Euphorbiaceae","species","accepted","Alchornea triplinervia",NA,NA,NA,"","Alchornea triplinervia"
"77",17512,"Croton floribundus Spreng.",NA,"Euphorbiaceae","species","accepted","Croton floribundus",NA,NA,NA,"","Croton floribundus"
"78",35862,"Croton macrobothrys Baill.",NA,"Euphorbiaceae","species","accepted","Croton macrobothrys",NA,NA,NA,"","Croton macrobothrys"
"79",17617,"Micrandra Benth.",NA,"Euphorbiaceae","genus","accepted","Micrandra sp.",NA,NA,NA,"","Micrandra sp."
"80",17664,"Sapium glandulosum (L.) Morong",NA,"Euphorbiaceae","species","accepted","Sapium glandulosum",NA,NA,NA,"","Sapium glandulosum"
"81",17671,"Sebastiania brasiliensis Spreng.",NA,"Euphorbiaceae","species","accepted","Sebastiania brasiliensis",NA,NA,NA,"","Sebastiania brasiliensis"
"82",55510,"Gymnanthes klotzschiana Müll.Arg.",NA,"Euphorbiaceae","species","accepted","Gymnanthes klotzschiana",NA,NA,NA,"replaced synonym","Sebastiania klotzschiana"
"83",17690,"Tetrorchidium rubrivenium Poepp.",NA,"Euphorbiaceae","species","accepted","Tetrorchidium rubrivenium","LC",NA,NA,"","Tetrorchidium rubrivenium"
"84",101015,"Senegalia polyphylla (DC.) Britton & Rose",NA,"Fabaceae","species","accepted","Senegalia polyphylla",NA,NA,NA,"replaced synonym","Acacia polyphylla"
"85",22782,"Anadenanthera Speg.",NA,"Fabaceae","genus","accepted","Anadenanthera sp.",NA,NA,NA,"","Anadenanthera sp."
"86",100880,"Cassia leptophylla Vogel",NA,"Fabaceae","species","accepted","Cassia leptophylla",NA,NA,NA,"","Cassia leptophylla"
"87",22896,"Copaifera langsdorffii Desf.",NA,"Fabaceae","species","accepted","Copaifera langsdorffii",NA,NA,NA,"","Copaifera langsdorffii"
"88",82976,"Copaifera trapezifolia Hayne",NA,"Fabaceae","species","accepted","Copaifera trapezifolia",NA,NA,NA,"","Copaifera trapezifolia"
"89",29592,"Dalbergia brasiliensis Vogel",NA,"Fabaceae","species","accepted","Dalbergia brasiliensis",NA,NA,NA,"","Dalbergia brasiliensis"
"90",NA,NA,NA,NA,NA,NA,NA,NA,NA,NA,"not found","Dalbergia myriantha"
"91",22961,"Enterolobium Mart.",NA,"Fabaceae","genus","accepted","Enterolobium sp.",NA,NA,NA,"","Enterolobium sp."
"92",29676,"Erythrina falcata Benth.",NA,"Fabaceae","species","accepted","Erythrina falcata",NA,NA,NA,"","Erythrina falcata"
"93",78704,"Exostyles godoyensis Soares-Silva & Mansano",NA,"Fabaceae","species","accepted","Exostyles godoyensis",NA,NA,NA,"","Exostyles godoyensis"
"94",103653,"Holocalyx glaziovii Taub. ex Glaz.",NA,"Fabaceae","species",NA,"Holocalyx glaziovii",NA,NA,NA,"was misspelled|check undefined status","Holocalyx glaziovii"
"95",100929,"Inga edwallii (Harms) T.D.Penn.",NA,"Fabaceae","species","accepted","Inga edwallii",NA,NA,NA,"was misspelled","Inga edwalii"
"96",23012,"Inga marginata Willd.",NA,"Fabaceae","species","accepted","Inga marginata",NA,NA,NA,"","Inga marginata"
"97",83263,"Inga sessilis (Vell.) Mart.",NA,"Fabaceae","species","accepted","Inga sessilis",NA,NA,NA,"","Inga sessilis"
"98",23029,"Inga striata Benth.",NA,"Fabaceae","species","accepted","Inga striata",NA,NA,NA,"","Inga striata"
"99",31038,"Leucochloron incuriale (Vell.) Barneby & J.W.Grimes",NA,"Fabaceae","species","accepted","Leucochloron incuriale",NA,NA,NA,"","Leucochloron incuriale"
"100",134213,"Muellera campestris (Mart. ex Benth.) M.J. Silva & A.M.G. Azevedo",NA,"Fabaceae","species","accepted","Muellera campestris",NA,NA,NA,"replaced synonym","Lonchocarpus campestris"
"101",23052,"Lonchocarpus cultratus (Vell.) A.M.G.Azevedo & H.C.Lima",NA,"Fabaceae","species","accepted","Lonchocarpus cultratus",NA,NA,NA,"","Lonchocarpus cultratus"
"102",101144,"Machaerium hatschbachii Rudd",NA,"Fabaceae","species","accepted","Machaerium hatschbachii",NA,NA,NA,"","Machaerium hatschbachii"
"103",29781,"Machaerium stipitatum Vogel",NA,"Fabaceae","species","accepted","Machaerium stipitatum",NA,NA,NA,"replaced synonym","Machaerium minutiflorum"
"104",29774,"Machaerium nyctitans (Vell.) Benth.",NA,"Fabaceae","species","accepted","Machaerium nyctitans","LC",NA,NA,"","Machaerium nyctitans"
"105",29778,"Machaerium paraguariense Hassl.",NA,"Fabaceae","species","accepted","Machaerium paraguariense","LC",NA,NA,"","Machaerium paraguariense"
"106",29780,"Machaerium scleroxylon Tul.",NA,"Fabaceae","species","accepted","Machaerium scleroxylon",NA,NA,NA,"","Machaerium scleroxylon"
"107",23055,"Machaerium Pers.",NA,"Fabaceae","genus","accepted","Machaerium sp.",NA,NA,NA,"","Machaerium sp."
"108",29781,"Machaerium stipitatum Vogel",NA,"Fabaceae","species","accepted","Machaerium stipitatum",NA,NA,NA,"","Machaerium stipitatum"
"109",29764,"Machaerium brasiliense Vogel",NA,"Fabaceae","species","accepted","Machaerium brasiliense",NA,NA,NA,"replaced synonym","Machaerium vestitum"
"110",29784,"Machaerium villosum Vogel",NA,"Fabaceae","species","accepted","Machaerium villosum","LC",NA,NA,"","Machaerium villosum"
"111",100978,"Mimosa scabrella Benth.",NA,"Fabaceae","species","accepted","Mimosa scabrella",NA,NA,NA,"","Mimosa scabrella"
"112",23102,"Ormosia Jacks.",NA,"Fabaceae","genus","accepted","Ormosia sp.",NA,NA,NA,"","Ormosia sp."
"113",31381,"Parapiptadenia rigida (Benth.) Brenan",NA,"Fabaceae","species","accepted","Parapiptadenia rigida",NA,NA,NA,"","Parapiptadenia rigida"
"114",31387,"Piptadenia gonoacantha (Mart.) J.F.Macbr.",NA,"Fabaceae","species","accepted","Piptadenia gonoacantha","LC",NA,NA,"","Piptadenia gonoacantha"
"115",17978,"Abarema langsdorffii (Benth.) Barneby & J.W.Grimes",NA,"Fabaceae","species","accepted","Abarema langsdorffii",NA,NA,NA,"replaced synonym","Pithecellobium langsdorffii"
"116",29821,"Poecilanthe parviflora Benth.",NA,"Fabaceae","species","accepted","Poecilanthe parviflora","LC",NA,NA,"","Poecilanthe parviflora"
"117",28201,"Senna macranthera (DC. ex Collad.) H.S.Irwin & Barneby",NA,"Fabaceae","species","accepted","Senna macranthera",NA,NA,NA,"","Senna macranthera"
"118",23157,"Senna multijuga (Rich.) H.S.Irwin & Barneby",NA,"Fabaceae","species","accepted","Senna multijuga",NA,NA,NA,"","Senna multijuga"
"119",29883,"Swartzia acutifolia Vogel",NA,"Fabaceae","species","accepted","Swartzia acutifolia","LC",NA,NA,"","Swartzia acutifolia"
"120",23320,"Aegiphila integrifolia (Jacq.) Moldenke",NA,"Lamiaceae","species","accepted","Aegiphila integrifolia",NA,NA,NA,"","Aegiphila integrifolia"
"121",8371,"Vitex polygama Cham.",NA,"Lamiaceae","species","accepted","Vitex polygama",NA,NA,NA,"","Vitex polygama"
"122",607775,"Aiouea glaziovii (Mez) R.Rohde",NA,"Lauraceae","species","accepted","Aiouea glaziovii",NA,NA,NA,"replaced synonym","Cinnamomum glaziovii"
"123",624397,"Aiouea sellowiana (Nees & Mart.) R.Rohde",NA,"Lauraceae","species","accepted","Aiouea sellowiana",NA,NA,NA,"replaced synonym","Cinnamomum sellowianum"
"124",8395,"Cinnamomum Schaeff.",NA,"Lauraceae","genus","accepted","Cinnamomum sp.1",NA,NA,NA,"","Cinnamomum sp.1"
"125",605125,"Aiouea montana (Sw.) R.Rohde",NA,"Lauraceae","species","accepted","Aiouea montana",NA,NA,NA,"replaced synonym","Cinnamomum triplinerve"
"126",8417,"Endlicheria paniculata (Spreng.) J.F.Macbr.",NA,"Lauraceae","species","accepted","Endlicheria paniculata",NA,NA,NA,"","Endlicheria paniculata"
"127",104769,"Nectandra angustifolia (Schrad.) Nees & Mart.",NA,"Lauraceae","species","accepted","Nectandra angustifolia","LC",NA,NA,"","Nectandra angustifolia"
"128",8429,"Nectandra lanceolata Nees",NA,"Lauraceae","species","accepted","Nectandra lanceolata",NA,NA,NA,"","Nectandra lanceolata"
"129",8431,"Nectandra megapotamica (Spreng.) Mez",NA,"Lauraceae","species","accepted","Nectandra megapotamica",NA,NA,NA,"","Nectandra megapotamica"
"130",8433,"Nectandra nitidula Nees & Mart.",NA,"Lauraceae","species","accepted","Nectandra nitidula",NA,NA,NA,"","Nectandra nitidula"
"131",8434,"Nectandra oppositifolia Nees & Mart.",NA,"Lauraceae","species","accepted","Nectandra oppositifolia",NA,NA,NA,"","Nectandra oppositifolia"
"132",17940,"Ocotea bicolor Vattimo-Gil",NA,"Lauraceae","species","accepted","Ocotea bicolor","LC",NA,NA,"","Ocotea bicolor"
"133",8447,"Ocotea brachybotrya (Meisn.) Mez",NA,"Lauraceae","species","accepted","Ocotea brachybotrya",NA,NA,NA,"was misspelled","Ocotea brachybotra"
"134",8496,"Ocotea corymbosa (Meisn.) Mez",NA,"Lauraceae","species","accepted","Ocotea corymbosa",NA,NA,NA,"","Ocotea corymbosa"
"135",8499,"Ocotea diospyrifolia (Meisn.) Mez",NA,"Lauraceae","species","accepted","Ocotea diospyrifolia",NA,NA,NA,"","Ocotea diospyrifolia"
"136",8455,"Ocotea dispersa (Nees & Mart.) Mez",NA,"Lauraceae","species","accepted","Ocotea dispersa",NA,NA,NA,"","Ocotea dispersa"
"137",8463,"Ocotea indecora (Schott) Mez",NA,"Lauraceae","species","accepted","Ocotea indecora",NA,NA,NA,"replaced synonym","Ocotea elegans"
"138",8461,"Ocotea glaziovii Mez",NA,"Lauraceae","species","accepted","Ocotea glaziovii",NA,NA,NA,"","Ocotea glaziovii"
"139",8463,"Ocotea indecora (Schott) Mez",NA,"Lauraceae","species","accepted","Ocotea indecora",NA,NA,NA,"","Ocotea indecora"
"140",8475,"Ocotea nutans (Nees) Mez",NA,"Lauraceae","species","accepted","Ocotea nutans",NA,NA,NA,"","Ocotea nutans"
"141",8476,"Ocotea odorifera (Vell.) Rohwer",NA,"Lauraceae","species","accepted","Ocotea odorifera","EN","EN","EN","","Ocotea odorifera"
"142",25620,"Ocotea prolifera (Nees & Mart.) Mez",NA,"Lauraceae","species","accepted","Ocotea prolifera",NA,NA,NA,"","Ocotea prolifera"
"143",8507,"Ocotea puberula (Rich.) Nees",NA,"Lauraceae","species","accepted","Ocotea puberula","NT",NA,NA,"","Ocotea puberula"
"144",8480,"Ocotea pulchella (Nees & Mart.) Mez",NA,"Lauraceae","species","accepted","Ocotea pulchella","LC",NA,NA,"","Ocotea pulchella"
"145",8485,"Ocotea silvestris Vattimo-Gil",NA,"Lauraceae","species","accepted","Ocotea silvestris","LC",NA,NA,"","Ocotea silvestris"
"146",8440,"Ocotea Aubl.",NA,"Lauraceae","genus","accepted","Ocotea sp.",NA,NA,NA,"","Ocotea sp."
"147",8510,"Ocotea teleiandra (Meisn.) Mez",NA,"Lauraceae","species","accepted","Ocotea teleiandra",NA,NA,NA,"","Ocotea teleiandra"
"148",8512,"Persea alba Nees & Mart.",NA,"Lauraceae","species","accepted","Persea alba",NA,NA,NA,"","Persea alba"
"149",619949,"Cinnamomum microneurum (Meisn.) Kosterm.",NA,"Lauraceae","species","accepted","Cinnamomum microneurum",NA,NA,NA,"replaced synonym","Persea microneura"
"150",8511,"Persea Mill.",NA,"Lauraceae","genus","accepted","Persea sp.",NA,NA,NA,"","Persea sp."
"151",8523,"Persea willdenovii Kosterm.",NA,"Lauraceae","species","accepted","Persea willdenovii","LC",NA,NA,"","Persea willdenovii"
"152",8670,"Strychnos brasiliensis (Spreng.) Mart.",NA,"Loganiaceae","species","accepted","Strychnos brasiliensis",NA,NA,NA,"was misspelled","Strichnos brasiliensis"
"153",8784,"Lafoensia pacari A.St.-Hil.",NA,"Lythraceae","species","accepted","Lafoensia pacari","LC",NA,NA,"","Lafoensia pacari"
"154",19416,"Bunchosia pallescens Skottsb.",NA,"Malpighiaceae","species","accepted","Bunchosia pallescens","LC",NA,NA,"","Bunchosia pallescens"
"155",9037,"Ceiba speciosa (A.St.-Hil.) Ravenna",NA,"Malvaceae","species","accepted","Ceiba speciosa",NA,NA,NA,"","Ceiba speciosa"
"156",9065,"Guazuma ulmifolia Lam.",NA,"Malvaceae","species","accepted","Guazuma ulmifolia",NA,NA,NA,"","Guazuma ulmifolia"
"157",9094,"Luehea divaricata  Mart.",NA,"Malvaceae","species","accepted","Luehea divaricata",NA,NA,NA,"","Luehea divaricata"
"158",9195,"Pseudobombax grandiflorum (Cav.) A.Robyns",NA,"Malvaceae","species","accepted","Pseudobombax grandiflorum","LC",NA,NA,"","Pseudobombax grandiflorum"
"159",9677,"Miconia buddlejoides Triana",NA,"Melastomataceae","species","accepted","Miconia buddlejoides",NA,NA,NA,"replaced synonym","Miconia budlejoides"
"160",9686,"Miconia cinerascens Miq.",NA,"Melastomataceae","species","accepted","Miconia cinerascens",NA,NA,NA,"","Miconia cinerascens"
"161",9743,"Miconia paniculata (DC.) Naudin",NA,"Melastomataceae","species","accepted","Miconia paniculata","LC",NA,NA,"replaced synonym","Miconia doriana"
"162",9754,"Miconia pusilliflora (DC.) Naudin",NA,"Melastomataceae","species","accepted","Miconia pusilliflora",NA,NA,NA,"replaced synonym","Miconia hymenonervia"
"163",9726,"Miconia ligustroides (DC.) Naudin",NA,"Melastomataceae","species","accepted","Miconia ligustroides",NA,NA,NA,"","Miconia ligustroides"
"164",9746,"Miconia petropolitana Cogn.",NA,"Melastomataceae","species","accepted","Miconia petropolitana",NA,NA,NA,"","Miconia petropolitana"
"165",9754,"Miconia pusilliflora (DC.) Naudin",NA,"Melastomataceae","species","accepted","Miconia pusilliflora",NA,NA,NA,"was misspelled","Miconia pusiliflora"
"166",9767,"Miconia shepherdii R.Goldenb. & Reginato",NA,"Melastomataceae","species","accepted","Miconia shepherdii",NA,NA,NA,"","Miconia shepherdii"
"167",9666,"Miconia Ruiz & Pav.",NA,"Melastomataceae","genus","accepted","Miconia sp.",NA,NA,NA,"","Miconia sp."
"168",9776,"Miconia tristis Spring",NA,"Melastomataceae","species","accepted","Miconia tristis",NA,NA,NA,"","Miconia tristis"
"169",9988,"Cabralea canjerana (Vell.) Mart.",NA,"Meliaceae","species","accepted","Cabralea canjerana",NA,NA,NA,"","Cabralea canjerana"
"170",9990,"Cedrela fissilis Vell.",NA,"Meliaceae","species","accepted","Cedrela fissilis","VU","VU","VU","","Cedrela fissilis"
"171",9997,"Guarea macrophylla Vahl",NA,"Meliaceae","species","accepted","Guarea macrophylla",NA,NA,NA,"","Guarea macrophylla"
"172",10001,"Trichilia catigua A.Juss.",NA,"Meliaceae","species","accepted","Trichilia catigua",NA,NA,NA,"","Trichilia catigua"
"173",10002,"Trichilia clausseni C.DC.",NA,"Meliaceae","species","accepted","Trichilia clausseni",NA,NA,NA,"was misspelled","Trichilia claussenii"
"174",10003,"Trichilia elegans A.Juss.",NA,"Meliaceae","species","accepted","Trichilia elegans",NA,NA,NA,"","Trichilia elegans"
"175",10011,"Trichilia pallida Sw.",NA,"Meliaceae","species","accepted","Trichilia pallida",NA,NA,NA,"","Trichilia pallida"
"176",10072,"Mollinedia argyrogyna Perkins",NA,"Monimiaceae","species","accepted","Mollinedia argyrogyna","LC",NA,NA,"","Mollinedia argyrogyna"
"177",10081,"Mollinedia elegans Tul.",NA,"Monimiaceae","species","accepted","Mollinedia elegans",NA,NA,NA,"","Mollinedia elegans"
"178",10101,"Mollinedia schottiana (Spreng.) Perkins",NA,"Monimiaceae","species","accepted","Mollinedia schottiana",NA,NA,NA,"","Mollinedia schottiana"
"179",10168,"Ficus luschnathiana (Miq.) Miq.",NA,"Moraceae","species","accepted","Ficus luschnathiana","LC",NA,NA,"","Ficus luschnathiana"
"180",10137,"Ficus L.",NA,"Moraceae","genus","accepted","Ficus sp.",NA,NA,NA,"","Ficus sp."
"181",31440,"Sorocea bonplandii (Baill.) W.C.Burger et al.",NA,"Moraceae","species","accepted","Sorocea bonplandii",NA,NA,NA,"","Sorocea bonplandii"
"182",10262,"Blepharocalyx salicifolius (Kunth) O.Berg",NA,"Myrtaceae","species","accepted","Blepharocalyx salicifolius","LC",NA,NA,"","Blepharocalyx salicifolius"
"183",NA,NA,NA,NA,NA,NA,NA,NA,NA,NA,"not found","Calyptranthes (=1475 coletado)"
"184",616160,"Myrcia loranthifolia (DC.) G.P.Burton & E.Lucas",NA,"Myrtaceae","species","accepted","Myrcia loranthifolia",NA,NA,NA,"replaced synonym","Calyptranthes grandifolia"
"185",611353,"Myrcia neolucida A.R.Lourenço & E.Lucas",NA,"Myrtaceae","species","accepted","Myrcia neolucida",NA,NA,NA,"replaced synonym","Calyptranthes lucida"
"186",10660,"Myrcia DC.",NA,"Myrtaceae","genus","accepted","Myrcia sp.",NA,NA,NA,"replaced synonym","Calyptranthes sp."
"187",616152,"Myrcia glomerata (Cambess.) G.P.Burton & E.Lucas",NA,"Myrtaceae","species","accepted","Myrcia glomerata","LC",NA,NA,"replaced synonym","Calyptranthes widgreniana"
"188",10314,"Campomanesia eugenioides (Cambess.) D.Legrand ex Landrum",NA,"Myrtaceae","species","accepted","Campomanesia eugenioides","LC",NA,NA,"","Campomanesia eugenioides"
"189",10316,"Campomanesia guazumifolia (Cambess.) O.Berg",NA,"Myrtaceae","species","accepted","Campomanesia guazumifolia",NA,NA,NA,"","Campomanesia guazumifolia"
"190",10307,"Campomanesia Ruiz et Pav.",NA,"Myrtaceae","genus","accepted","Campomanesia sp.",NA,NA,NA,"","Campomanesia sp."
"191",10307,"Campomanesia Ruiz et Pav.",NA,"Myrtaceae","genus","accepted","Campomanesia sp.2",NA,NA,NA,"","Campomanesia sp.2"
"192",10335,"Campomanesia xanthocarpa (Mart.) O.Berg",NA,"Myrtaceae","species","accepted","Campomanesia xanthocarpa","LC",NA,NA,"","Campomanesia xanthocarpa"
"193",NA,NA,NA,NA,NA,NA,NA,NA,NA,NA,"not found","Eugenia (laranja)"
"194",NA,NA,NA,NA,NA,NA,NA,NA,NA,NA,"not found","Eugenia (miuda, branca)"
"195",10369,"Eugenia cerasiflora Miq.",NA,"Myrtaceae","species","accepted","Eugenia cerasiflora","LC",NA,NA,"","Eugenia cerasiflora"
"196",10386,"Eugenia dodonaeifolia Cambess.",NA,"Myrtaceae","species","accepted","Eugenia dodonaeifolia",NA,NA,NA,"","Eugenia dodonaeifolia"
"197",10419,"Eugenia involucrata DC.",NA,"Myrtaceae","species","accepted","Eugenia involucrata",NA,NA,NA,"","Eugenia involucrata"
"198",10437,"Eugenia ligustrina (Sw.) Willd.",NA,"Myrtaceae","species","accepted","Eugenia ligustrina",NA,NA,NA,"","Eugenia ligustrina"
"199",10419,"Eugenia involucrata DC.",NA,"Myrtaceae","species","accepted","Eugenia involucrata",NA,NA,NA,"replaced synonym","Eugenia neoformosa"
"200",10477,"Eugenia neoverrucosa Sobral",NA,"Myrtaceae","species","accepted","Eugenia neoverrucosa",NA,NA,NA,"","Eugenia neoverrucosa"
"201",10505,"Eugenia pluriflora DC.",NA,"Myrtaceae","species","accepted","Eugenia pluriflora","LC",NA,NA,"","Eugenia pluriflora"
"202",10518,"Eugenia ramboi D.Legrand",NA,"Myrtaceae","species","accepted","Eugenia ramboi",NA,NA,NA,"","Eugenia ramboi"
"203",10338,"Eugenia L.",NA,"Myrtaceae","genus","accepted","Eugenia sp.",NA,NA,NA,"","Eugenia sp."
"204",10338,"Eugenia L.",NA,"Myrtaceae","genus","accepted","Eugenia sp.2",NA,NA,NA,"","Eugenia sp.2"
"205",10338,"Eugenia L.",NA,"Myrtaceae","genus","accepted","Eugenia sp.7",NA,NA,NA,"","Eugenia sp.7"
"206",10533,"Eugenia speciosa Cambess.",NA,"Myrtaceae","species","accepted","Eugenia speciosa",NA,NA,NA,"","Eugenia speciosa"
"207",10535,"Eugenia sphenophylla O.Berg",NA,"Myrtaceae","species","accepted","Eugenia sphenophylla",NA,NA,NA,"was misspelled","Eugenia stenophylla"
"208",10507,"Eugenia prasina O.Berg",NA,"Myrtaceae","species","accepted","Eugenia prasina","LC",NA,NA,"replaced synonym","Eugenia stictosepala"
"209",10560,"Eugenia uniflora L.",NA,"Myrtaceae","species","accepted","Eugenia uniflora",NA,NA,NA,"","Eugenia uniflora"
"210",10802,"Myrciaria tenella (DC.) O.Berg",NA,"Myrtaceae","species","accepted","Myrciaria tenella","DD",NA,NA,"was misspelled","Myciaria tenella"
"211",10634,"Myrceugenia bracteosa (DC.) D.Legrand & Kausel",NA,"Myrtaceae","species","accepted","Myrceugenia bracteosa","EN","EN","EN","","Myrceugenia bracteosa"
"212",10635,"Myrceugenia brevipedicellata (Burret) D.Legrand & Kausel",NA,"Myrtaceae","species","accepted","Myrceugenia brevipedicellata","EN","EN","EN","","Myrceugenia brevipedicellata"
"213",10636,"Myrceugenia campestris (DC.) D.Legrand & Kausel",NA,"Myrtaceae","species","accepted","Myrceugenia campestris","LC",NA,NA,"","Myrceugenia campestris"
"214",10647,"Myrceugenia miersiana (Gardner) D.Legrand & Kausel",NA,"Myrtaceae","species","accepted","Myrceugenia miersiana","LC",NA,NA,"","Myrceugenia miersiana"
"215",10651,"Myrceugenia ovata (Hook. & Arn.) O.Berg",NA,"Myrtaceae","species","accepted","Myrceugenia ovata",NA,NA,NA,"","Myrceugenia ovata"
"216",62907,"Myrceugenia regnelliana (O.Berg) D.Legrand & Kausel",NA,"Myrtaceae","species","accepted","Myrceugenia regnelliana",NA,NA,NA,"","Myrceugenia regnelliana"
"217",10655,"Myrceugenia rufescens (DC.) D.Legrand & Kausel",NA,"Myrtaceae","species","accepted","Myrceugenia rufescens","LC",NA,NA,"","Myrceugenia rufescens"
"218",10656,"Myrceugenia scutellata D.Legrand",NA,"Myrtaceae","species","accepted","Myrceugenia scutellata","NT",NA,NA,"","Myrceugenia scutellata"
"219",10631,"Myrceugenia O.Berg",NA,"Myrtaceae","genus","accepted","Myrceugenia sp.",NA,NA,NA,"","Myrceugenia sp. 2"
"220",37035,"Myrcia aethusa (O.Berg) N.Silveira",NA,"Myrtaceae","species","accepted","Myrcia aethusa",NA,NA,NA,"","Myrcia aethusa"
"221",37045,"Myrcia bicarinata (O.Berg) D.Legrand",NA,"Myrtaceae","species","accepted","Myrcia bicarinata",NA,NA,NA,"","Myrcia bicarinata"
"222",10699,"Myrcia guianensis (Aubl.) DC.",NA,"Myrtaceae","species","accepted","Myrcia guianensis","LC",NA,NA,"","Myrcia guianensis"
"223",10700,"Myrcia hartwegiana (O.Berg) Kiaersk.",NA,"Myrtaceae","species","accepted","Myrcia hartwegiana",NA,NA,NA,"","Myrcia hartwegiana"
"224",10756,"Myrcia selloi (Spreng.) N.Silveira",NA,"Myrtaceae","species","accepted","Myrcia selloi",NA,NA,NA,"replaced synonym","Myrcia laruotteana"
"225",10730,"Myrcia multiflora (Lam.) DC.",NA,"Myrtaceae","species","accepted","Myrcia multiflora",NA,NA,NA,"","Myrcia multiflora"
"226",10765,"Myrcia subcordata DC.",NA,"Myrtaceae","species","accepted","Myrcia subcordata","LC",NA,NA,"replaced synonym","Myrcia pulchra"
"227",10748,"Myrcia retorta Cambess.",NA,"Myrtaceae","species","accepted","Myrcia retorta",NA,NA,NA,"","Myrcia retorta"
"228",10759,"Myrcia splendens (Sw.) DC.",NA,"Myrtaceae","species","accepted","Myrcia splendens",NA,NA,NA,"replaced synonym","Myrcia rostrata"
"229",10759,"Myrcia splendens (Sw.) DC.",NA,"Myrtaceae","species","accepted","Myrcia splendens",NA,NA,NA,"","Myrcia splendens"
"230",10765,"Myrcia subcordata DC.",NA,"Myrtaceae","species","accepted","Myrcia subcordata","LC",NA,NA,"","Myrcia subcordata"
"231",10769,"Myrcia tenuivenosa Kiaersk.",NA,"Myrtaceae","species","accepted","Myrcia tenuivenosa",NA,NA,NA,"","Myrcia tenuivenosa"
"232",10772,"Myrcia tomentosa (Aubl.) DC.",NA,"Myrtaceae","species","accepted","Myrcia tomentosa",NA,NA,NA,"","Myrcia tomentosa"
"233",10776,"Myrcia venulosa DC.",NA,"Myrtaceae","species","accepted","Myrcia venulosa","LC",NA,NA,"","Myrcia venulosa"
"234",10845,"Plinia rivularis (Cambess.) Rotman",NA,"Myrtaceae","species","accepted","Plinia rivularis",NA,NA,NA,"replaced synonym","Myrciaria rivularis"
"235",10802,"Myrciaria tenella (DC.) O.Berg",NA,"Myrtaceae","species","accepted","Myrciaria tenella","DD",NA,NA,"","Myrciaria tenella"
"236",10818,"Neomitranthes pedicellata (Burret) Mattos",NA,"Myrtaceae","species","accepted","Neomitranthes pedicellata","EN","EN","EN","","Neomitranthes pedicellata"
"237",NA,NA,NA,NA,NA,NA,NA,NA,NA,NA,"not found","Neomitranthes sp"
"238",10823,"Pimenta pseudocaryophyllus (Gomes) Landrum",NA,"Myrtaceae","species","accepted","Pimenta pseudocaryophyllus",NA,NA,NA,"","Pimenta pseudocaryophyllus"
"239",37142,"Plinia peruviana (Poir.) Govaerts",NA,"Myrtaceae","species","accepted","Plinia peruviana",NA,NA,NA,"replaced synonym","Plinia cauliflora"
"240",10845,"Plinia rivularis (Cambess.) Rotman",NA,"Myrtaceae","species","accepted","Plinia rivularis",NA,NA,NA,"","Plinia rivularis"
"241",10853,"Psidium L.",NA,"Myrtaceae","genus","accepted","Psidium sp.",NA,NA,NA,"","Psidium sp."
"242",NA,NA,NA,NA,NA,NA,NA,NA,NA,NA,"not found","Psidum sp.1"
"243",126962,"Siphoneugena crassifolia (DC.) Proença & Sobral",NA,"Myrtaceae","species","accepted","Siphoneugena crassifolia","LC",NA,NA,"","Siphoneugena crassifolia"
"244",10892,"Siphoneugena densiflora O.Berg",NA,"Myrtaceae","species","accepted","Siphoneugena densiflora","LC",NA,NA,"","Siphoneugena densiflora"
"245",10897,"Siphoneugena reitzii D.Legrand",NA,"Myrtaceae","species","accepted","Siphoneugena reitzii","LC",NA,NA,"","Siphoneugena reitzii"
"246",10913,"Guapira opposita (Vell.) Reitz",NA,"Nyctaginaceae","species","accepted","Guapira opposita",NA,NA,NA,"","Guapira opposita"
"247",19959,"Tetrastylidium grandifolium (Baill.) Sleumer",NA,"Strombosiaceae","species","accepted","Tetrastylidium grandifolium",NA,NA,NA,"","Tetrastylidium grandifolium"
"248",10975,"Chionanthus filiformis (Vell.) P.S.Green",NA,"Oleaceae","species","accepted","Chionanthus filiformis","LC",NA,NA,"","Chionanthus filiformis"
"249",19966,"Agonandra brasiliensis Miers ex Benth. & Hook.f.",NA,"Opiliaceae","species","accepted","Agonandra brasiliensis",NA,NA,NA,"","Agonandra brasiliensis"
"250",12575,"Ternstroemia brasiliensis Cambess.",NA,"Pentaphylacaceae","species","accepted","Ternstroemia brasiliensis","LC",NA,NA,"","Ternstroemia brasiliensis"
"251",17629,"Pera glabrata (Schott) Baill.",NA,"Peraceae","species","accepted","Pera glabrata",NA,NA,NA,"","Pera glabrata"
"252",12587,"Seguieria langsdorffii Moq.",NA,"Phytolaccaceae","species","accepted","Seguieria langsdorffii","LC",NA,NA,"","Seguieria langsdorffii"
"253",12598,"Picramnia glazioviana Engl.",NA,"Picramniaceae","species","accepted","Picramnia glazioviana",NA,NA,NA,"","Picramnia glazioviana"
"254",12600,"Picramnia parvifolia Engl.",NA,"Picramniaceae","species","accepted","Picramnia parvifolia","LC",NA,NA,"","Picramnia parvifolia"
"255",12602,"Picramnia sellowii Planch.",NA,"Picramniaceae","species","accepted","Picramnia sellowii","LC",NA,NA,"","Picramnia sellowii"
"256",NA,NA,NA,NA,NA,NA,NA,NA,NA,NA,"not found","Picramnia sp"
"257",12590,"Picramnia Sw.",NA,"Picramniaceae","genus","accepted","Picramnia sp.2",NA,NA,NA,"","Picramnia sp.2"
"258",20526,"Podocarpus lambertii Klotzsch ex Endl.",NA,"Podocarpaceae","species","accepted","Podocarpus lambertii","LC",NA,NA,"","Podocarpus lambertii"
"259",13717,"Coccoloba warmingii Meisn.",NA,"Polygonaceae","species","accepted","Coccoloba warmingii",NA,NA,NA,"","Coccoloba warmingii"
"260",10228,"Myrsine coriacea (Sw.) R.Br. ex Roem. & Schult.",NA,"Primulaceae","species","accepted","Myrsine coriacea",NA,NA,NA,"","Myrsine coriacea"
"261",10230,"Myrsine gardneriana A.DC.",NA,"Primulaceae","species","accepted","Myrsine gardneriana",NA,NA,NA,"","Myrsine gardneriana"
"262",10233,"Myrsine lancifolia Mart.",NA,"Primulaceae","species","accepted","Myrsine lancifolia",NA,NA,NA,"","Myrsine lancifolia"
"263",10242,"Myrsine umbellata Mart.",NA,"Primulaceae","species","accepted","Myrsine umbellata",NA,NA,NA,"","Myrsine umbellata"
"264",10236,"Myrsine loefgrenii (Mez) Imkhan.",NA,"Primulaceae","species","accepted","Myrsine loefgrenii",NA,NA,NA,"replaced synonym","Rapanea loefgrenii"
"265",10242,"Myrsine umbellata Mart.",NA,"Primulaceae","species","accepted","Myrsine umbellata",NA,NA,NA,"replaced synonym","Rapanea umbellata"
"266",104848,"Roupala montana var. brasiliensis (Klotzsch) K.S.Edwards",NA,"Proteaceae","variety","accepted","Roupala montana var. brasiliensis",NA,NA,NA,"replaced synonym","Roupala brasiliensis"
"267",13799,"Roupala montana Aubl.",NA,"Proteaceae","species","accepted","Roupala montana",NA,NA,NA,"","Roupala montana"
"268",20651,"Colubrina glandulosa Perkins",NA,"Rhamnaceae","species","accepted","Colubrina glandulosa","LC",NA,NA,"","Colubrina glandulosa"
"269",20666,"Rhamnidium elaeocarpum Reissek",NA,"Rhamnaceae","species","accepted","Rhamnidium elaeocarpum",NA,NA,NA,"","Rhamnidium elaeocarpum"
"270",20669,"Rhamnus sphaerosperma Sw.","Frangula sphaerosperma (Sw.) Kartesz & Gandhi","Rhamnaceae","species","synonym","Rhamnus sphaerosperma",NA,NA,NA,"check no accepted name","Rhamnus sphaerosperma"
"271",26058,"Prunus myrtifolia (L.) Urb.",NA,"Rosaceae","species","accepted","Prunus myrtifolia",NA,NA,NA,"","Prunus myrtifolia"
"272",13891,"Cordiera concolor (Cham.) Kuntze",NA,"Rubiaceae","species","accepted","Cordiera concolor",NA,NA,NA,"replaced synonym","Alibertia concolor"
"273",13892,"Cordiera myrciifolia (K.Schum.) C.H.Perss. & Delprete",NA,"Rubiaceae","species","accepted","Cordiera myrciifolia",NA,NA,NA,"replaced synonym","Alibertia myrciifolia"
"274",13830,"Amaioua intermedia Mart. ex Schult. & Schult.f.",NA,"Rubiaceae","species","accepted","Amaioua intermedia",NA,NA,NA,"","Amaioua intermedia"
"275",13869,"Chomelia obtusa Cham. & Schltdl.",NA,"Rubiaceae","species","accepted","Chomelia obtusa",NA,NA,NA,"","Chomelia obtusa"
"276",13892,"Cordiera myrciifolia (K.Schum.) C.H.Perss. & Delprete",NA,"Rubiaceae","species","accepted","Cordiera myrciifolia",NA,NA,NA,"was misspelled","Cordiera myricifolia"
"277",13915,"Coutarea hexandra (Jacq.) K.Schum.",NA,"Rubiaceae","species","accepted","Coutarea hexandra",NA,NA,NA,"","Coutarea hexandra"
"278",13974,"Faramea montevidensis (Cham. & Schltdl.) DC.",NA,"Rubiaceae","species","accepted","Faramea montevidensis",NA,NA,NA,"","Faramea montevidensis"
"279",13941,"Faramea Aubl.",NA,"Rubiaceae","genus","accepted","Faramea sp.",NA,NA,NA,"","Faramea sp."
"280",14083,"Ixora venulosa Benth.",NA,"Rubiaceae","species","accepted","Ixora venulosa",NA,NA,NA,"","Ixora venulosa"
"281",613500,"Palicourea sessilis (Vell.) C.M.Taylor",NA,"Rubiaceae","species","accepted","Palicourea sessilis","LC",NA,NA,"replaced synonym","Psychotria longipes"
"282",14224,"Psychotria suterella Müll.Arg.",NA,"Rubiaceae","species","accepted","Psychotria suterella",NA,NA,NA,"","Psychotria suterella"
"283",613500,"Palicourea sessilis (Vell.) C.M.Taylor",NA,"Rubiaceae","species","accepted","Palicourea sessilis","LC",NA,NA,"replaced synonym","Psychotria vellosiana"
"284",14254,"Rudgea gardenioides (Cham.) Müll.Arg.",NA,"Rubiaceae","species","accepted","Rudgea gardenioides",NA,NA,NA,"was misspelled","Rudgea gardenoides"
"285",14257,"Rudgea jasminoides (Cham.) Müll.Arg.",NA,"Rubiaceae","species","accepted","Rudgea jasminoides",NA,NA,NA,"","Rudgea jasminoides"
"286",14270,"Rudgea triflora Benth.",NA,"Rubiaceae","species","accepted","Rudgea triflora","NT",NA,NA,"","Rudgea triflora"
"287",774,"Helietta apiculata Benth.",NA,"Rutaceae","species","accepted","Helietta apiculata",NA,NA,NA,"","Helietta apiculata"
"288",888,"Pilocarpus pennatifolius Lem.",NA,"Rutaceae","species","accepted","Pilocarpus pennatifolius",NA,NA,NA,"","Pilocarpus pennatifolius"
"289",1081,"Zanthoxylum caribaeum Lam.",NA,"Rutaceae","species","accepted","Zanthoxylum caribaeum",NA,NA,NA,"","Zanthoxylum caribaeum"
"290",1104,"Zanthoxylum fagara (L.) Sarg.",NA,"Rutaceae","species","accepted","Zanthoxylum fagara",NA,NA,NA,"","Zanthoxylum fagara"
"291",1133,"Zanthoxylum monogynum A.St.-Hil.",NA,"Rutaceae","species","accepted","Zanthoxylum monogynum",NA,NA,NA,"","Zanthoxylum monogynum"
"292",1162,"Zanthoxylum rhoifolium Lam.",NA,"Rutaceae","species","accepted","Zanthoxylum rhoifolium",NA,NA,NA,"","Zanthoxylum rhoifolium"
"293",14345,"Meliosma Blume",NA,"Sabiaceae","genus","accepted","Meliosma sp.",NA,NA,NA,"","Meliosma sp."
"294",14367,"Casearia decandra Jacq.",NA,"Salicaceae","species","accepted","Casearia decandra",NA,NA,NA,"","Casearia decandra"
"295",14369,"Casearia gossypiosperma Briq.",NA,"Salicaceae","species","accepted","Casearia gossypiosperma","LC",NA,NA,"","Casearia gossypiosperma"
"296",14373,"Casearia lasiophylla Eichler",NA,"Salicaceae","species","accepted","Casearia lasiophylla","LC",NA,NA,"","Casearia lasiophylla"
"297",14378,"Casearia obliqua Spreng.",NA,"Salicaceae","species","accepted","Casearia obliqua",NA,NA,NA,"","Casearia obliqua"
"298",14384,"Casearia sylvestris Sw.",NA,"Salicaceae","species","accepted","Casearia sylvestris",NA,NA,NA,"","Casearia sylvestris"
"299",14390,"Prockia crucis P.Browne ex L.",NA,"Salicaceae","species","accepted","Prockia crucis",NA,NA,NA,"","Prockia crucis"
"300",14394,"Xylosma ciliatifolia (Clos) Eichler",NA,"Salicaceae","species","accepted","Xylosma ciliatifolia",NA,NA,NA,"","Xylosma ciliatifolia"
"301",14398,"Xylosma tweediana (Clos) Eichler",NA,"Salicaceae","species","accepted","Xylosma tweediana",NA,NA,NA,"","Xylosma tweediana"
"302",20873,"Allophylus edulis (A.St.-Hil. et al.) Hieron. ex Niederl.",NA,"Sapindaceae","species","accepted","Allophylus edulis",NA,NA,NA,"","Allophylus edulis"
"303",20894,"Cupania oblongifolia Mart.",NA,"Sapindaceae","species","accepted","Cupania oblongifolia",NA,NA,NA,"","Cupania oblongifolia"
"304",32716,"Cupania tenuivalvis Radlk.",NA,"Sapindaceae","species","accepted","Cupania tenuivalvis",NA,NA,NA,"","Cupania tenuivalvis"
"305",32717,"Cupania vernalis Cambess.",NA,"Sapindaceae","species","accepted","Cupania vernalis",NA,NA,NA,"","Cupania vernalis"
"306",32718,"Diatenopteryx sorbifolia Radlk.",NA,"Sapindaceae","species","accepted","Diatenopteryx sorbifolia",NA,NA,NA,"","Diatenopteryx sorbifolia"
"307",32720,"Matayba elaeagnoides Radlk.",NA,"Sapindaceae","species","accepted","Matayba elaeagnoides",NA,NA,NA,"","Matayba elaeagnoides"
"308",14457,"Chrysophyllum gonocarpum (Mart. & Eichler ex Miq.) Engl.",NA,"Sapotaceae","species","accepted","Chrysophyllum gonocarpum",NA,NA,NA,"","Chrysophyllum gonocarpum"
"309",14462,"Chrysophyllum marginatum (Hook. & Arn.) Radlk.",NA,"Sapotaceae","species","accepted","Chrysophyllum marginatum",NA,NA,NA,"","Chrysophyllum marginatum"
"310",14502,"Pouteria gardneri (Mart. & Miq.) Baehni",NA,"Sapotaceae","species","accepted","Pouteria gardneri","VU",NA,NA,"","Pouteria gardneri"
"311",14503,"Pouteria gardneriana (A.DC.) Radlk.",NA,"Sapotaceae","species","accepted","Pouteria gardneriana",NA,NA,NA,"","Pouteria gardneriana"
"312",1301,"Picrasma crenata (Vell.) Engl.",NA,"Simaroubaceae","species","accepted","Picrasma crenata","LC",NA,NA,"","Picrasma crenata"
"313",14644,"Cestrum intermedium Sendtn.",NA,"Solanaceae","species","accepted","Cestrum intermedium",NA,NA,NA,"","Cestrum intermedium"
"314",NA,NA,NA,NA,NA,NA,NA,NA,NA,NA,"not found","Solanum (=231)"
"315",14731,"Solanum argenteum Dunal",NA,"Solanaceae","species","accepted","Solanum argenteum",NA,NA,NA,"was misspelled","Solanum argentum"
"316",14737,"Solanum bullatum Vell.",NA,"Solanaceae","species","accepted","Solanum bullatum","LC",NA,NA,"","Solanum bullatum"
"317",14752,"Solanum concinnum Schott ex Sendtn.",NA,"Solanaceae","species","accepted","Solanum concinnum",NA,NA,NA,"","Solanum concinnum"
"318",14809,"Solanum mauritianum Scop.",NA,"Solanaceae","species","accepted","Solanum mauritianum",NA,NA,NA,"","Solanum mauritianum"
"319",14836,"Solanum pseudoquina A.St.-Hil.",NA,"Solanaceae","species","accepted","Solanum pseudoquina","LC",NA,NA,"","Solanum pseudoquina"
"320",14846,"Solanum rufescens Sendtn.",NA,"Solanaceae","species","accepted","Solanum rufescens",NA,NA,NA,"","Solanum rufescens"
"321",14851,"Solanum sanctae-catharinae Dunal",NA,"Solanaceae","species","accepted","Solanum sanctae-catharinae",NA,NA,NA,"","Solanum sanctae-catharinae"
"322",14872,"Solanum swartzianum Roem. & Schult.",NA,"Solanaceae","species","accepted","Solanum swartzianum",NA,NA,NA,"","Solanum swartzianum"
"323",21251,"Styrax camporum Pohl",NA,"Styracaceae","species","accepted","Styrax camporum",NA,NA,NA,"","Styrax camporum"
"324",14894,"Styrax leprosus Hook. & Arn.",NA,"Styracaceae","species","accepted","Styrax leprosus",NA,NA,NA,"","Styrax leprosus"
"325",21256,"Styrax pohlii A.DC.",NA,"Styracaceae","species","accepted","Styrax pohlii",NA,NA,NA,"","Styrax pohlii"
"326",14900,"Symplocos celastrinea Mart.",NA,"Symplocaceae","species","accepted","Symplocos celastrinea",NA,NA,NA,"","Symplocos celastrinea"
"327",111277,"Symplocos estrellensis Casar.",NA,"Symplocaceae","species","accepted","Symplocos estrellensis",NA,NA,NA,"","Symplocos estrellensis"
"328",14902,"Symplocos falcata Brand",NA,"Symplocaceae","species","accepted","Symplocos falcata","LC",NA,NA,"","Symplocos falcata"
"329",14905,"Symplocos insignis Brand",NA,"Symplocaceae","species","accepted","Symplocos insignis",NA,NA,NA,"","Symplocos insignis"
"330",14915,"Symplocos pubescens Klotzsch ex Benth.",NA,"Symplocaceae","species","accepted","Symplocos pubescens",NA,NA,NA,"","Symplocos pubescens"
"331",115421,"Symplocos revoluta Casar.",NA,"Symplocaceae","species","accepted","Symplocos revoluta",NA,NA,NA,"","Symplocos revoluta"
"332",111277,"Symplocos estrellensis Casar.",NA,"Symplocaceae","species","accepted","Symplocos estrellensis",NA,NA,NA,"replaced synonym","Symplocos variabilis"
"333",14949,"Daphnopsis sellowiana Taub.",NA,"Thymelaeaceae","species","accepted","Daphnopsis sellowiana",NA,NA,NA,"","Daphnopsis sellowiana"
"334",15039,"Cecropia glaziovii Snethl.",NA,"Urticaceae","species","accepted","Cecropia glaziovii",NA,NA,NA,"","Cecropia glaziovii"
"335",15041,"Cecropia pachystachya Trécul",NA,"Urticaceae","species","accepted","Cecropia pachystachya",NA,NA,NA,"","Cecropia pachystachya"
"336",15275,"Callisthene fasciculata Mart.",NA,"Vochysiaceae","species","accepted","Callisthene fasciculata",NA,NA,NA,"","Callisthene fasciculata"
"337",15299,"Vochysia bifalcata Warm.",NA,"Vochysiaceae","species","accepted","Vochysia bifalcata",NA,NA,NA,"","Vochysia bifalcata"
"338",15308,"Vochysia magnifica Warm.",NA,"Vochysiaceae","species","accepted","Vochysia magnifica",NA,NA,NA,"","Vochysia magnifica"
"339",15317,"Vochysia saldanhana Warm.",NA,"Vochysiaceae","species","accepted","Vochysia saldanhana",NA,NA,NA,"","Vochysia saldanhana"
"340",15325,"Drimys brasiliensis Miers",NA,"Winteraceae","species","accepted","Drimys brasiliensis","LC",NA,NA,"","Drimys brasiliensis"
